[
  {
    "region": "Άλλες Περιοχές",
    "areas": [
      {
        "name": "Ανατολική Μακεδονία και Θράκη",
        "municipalities": [
          {
            "name": "Ορεστιάδα",
            "lat": 41.5,
            "lng": 26.53
          },
          {
            "name": "Δράμα",
            "lat": 41.151,
            "lng": 24.145
          },
          {
            "name": "Ξάνθη",
            "lat": 41.14,
            "lng": 24.885
          },
          {
            "name": "Κομοτηνή",
            "lat": 41.1236,
            "lng": 25.412
          },
          {
            "name": "Αλεξανδρούπολη",
            "lat": 40.85,
            "lng": 25.873
          },
          {
            "name": "Θάσος",
            "lat": 40.751,
            "lng": 24.708
          },
          {
            "name": "Σαμοθράκη",
            "lat": 40.556,
            "lng": 25.526
          }
        ]
      },
      {
        "name": "Αργολίδα",
        "municipalities": [
          {
            "name": "Άργος",
            "lat": 37.6333,
            "lng": 22.7333
          },
          {
            "name": "Ναύπλιο",
            "lat": 37.567,
            "lng": 22.801
          },
          {
            "name": "Τολό",
            "lat": 37.5211,
            "lng": 22.8583
          },
          {
            "name": "Πόρτο Χέλι",
            "lat": 37.3247,
            "lng": 23.1463
          }
        ]
      },
      {
        "name": "Αρκαδία",
        "municipalities": [
          {
            "name": "Τρίπολη",
            "lat": 37.5099,
            "lng": 22.3794
          },
          {
            "name": "Μεγαλόπολη",
            "lat": 37.403,
            "lng": 22.142
          },
          {
            "name": "Λεωνίδιο",
            "lat": 37.167,
            "lng": 22.85
          }
        ]
      },
      {
        "name": "Βόρειο Αιγαίο",
        "municipalities": [
          {
            "name": "Λήμνος",
            "lat": 39.911,
            "lng": 25.236
          },
          {
            "name": "Λέσβος",
            "lat": 39.165,
            "lng": 26.28
          },
          {
            "name": "Μυτιλήνη",
            "lat": 39.1117,
            "lng": 26.5544
          },
          {
            "name": "Οινούσσες",
            "lat": 38.38,
            "lng": 26.35
          },
          {
            "name": "Χίος",
            "lat": 38.367,
            "lng": 26.135
          },
          {
            "name": "Σάμος",
            "lat": 37.754,
            "lng": 26.977
          },
          {
            "name": "Ικαρία",
            "lat": 37.6167,
            "lng": 26.1667
          }
        ]
      },
      {
        "name": "Δυτική Ελλάδα",
        "municipalities": [
          {
            "name": "Ναύπακτος",
            "lat": 38.395,
            "lng": 21.829
          },
          {
            "name": "Μεσολόγγι",
            "lat": 38.365,
            "lng": 21.262
          },
          {
            "name": "Αίγιο",
            "lat": 38.249,
            "lng": 22.105
          },
          {
            "name": "Πάτρα",
            "lat": 38.2466,
            "lng": 21.7346
          },
          {
            "name": "Ανδραβίδα",
            "lat": 37.95,
            "lng": 21.2333
          },
          {
            "name": "Αμαλιάδα",
            "lat": 37.75,
            "lng": 21.3333
          },
          {
            "name": "Πύργος",
            "lat": 37.675,
            "lng": 21.441
          },
          {
            "name": "Αρχαία Ολυμπία",
            "lat": 37.637,
            "lng": 21.63
          }
        ]
      },
      {
        "name": "Δυτική Μακεδονία",
        "municipalities": [
          {
            "name": "Φλώρινα",
            "lat": 40.8167,
            "lng": 21.4167
          },
          {
            "name": "Καστοριά",
            "lat": 40.5181,
            "lng": 21.26
          },
          {
            "name": "Πτολεμαΐδα",
            "lat": 40.5167,
            "lng": 21.6667
          },
          {
            "name": "Κοζάνη",
            "lat": 40.3,
            "lng": 21.7833
          },
          {
            "name": "Σέρβια",
            "lat": 40.15,
            "lng": 21.8833
          },
          {
            "name": "Γρεβενά",
            "lat": 39.9833,
            "lng": 21.4333
          }
        ]
      },
      {
        "name": "Δωδεκάνησα",
        "municipalities": [
          {
            "name": "Αγαθονήσι",
            "lat": 37.456,
            "lng": 26.963
          },
          {
            "name": "Αρκοί",
            "lat": 37.372,
            "lng": 26.736
          },
          {
            "name": "Πάτμος",
            "lat": 37.308,
            "lng": 26.547
          },
          {
            "name": "Λειψοί",
            "lat": 37.2833,
            "lng": 26.7667
          },
          {
            "name": "Λέρος",
            "lat": 37.133,
            "lng": 26.85
          },
          {
            "name": "Κάλυμνος",
            "lat": 36.951,
            "lng": 26.98
          },
          {
            "name": "Κως",
            "lat": 36.892,
            "lng": 27.287
          },
          {
            "name": "Σύμη",
            "lat": 36.6167,
            "lng": 27.8333
          },
          {
            "name": "Νίσυρος",
            "lat": 36.6,
            "lng": 27.1667
          },
          {
            "name": "Αστυπάλαια",
            "lat": 36.55,
            "lng": 26.35
          },
          {
            "name": "Ρόδος",
            "lat": 36.434,
            "lng": 28.217
          },
          {
            "name": "Τήλος",
            "lat": 36.4167,
            "lng": 27.3833
          },
          {
            "name": "Χάλκη",
            "lat": 36.2167,
            "lng": 27.6167
          },
          {
            "name": "Καστελλόριζο",
            "lat": 36.151,
            "lng": 29.593
          },
          {
            "name": "Κάρπαθος",
            "lat": 35.507,
            "lng": 27.213
          }
        ]
      },
      {
        "name": "Ηλεία",
        "municipalities": [
          {
            "name": "Κυλλήνη",
            "lat": 37.9333,
            "lng": 21.15
          }
        ]
      },
      {
        "name": "Ήπειρος",
        "municipalities": [
          {
            "name": "Ζαγόρι",
            "lat": 39.9,
            "lng": 20.8
          },
          {
            "name": "Πωγώνι",
            "lat": 39.8,
            "lng": 20.5167
          },
          {
            "name": "Μετσόβο",
            "lat": 39.77,
            "lng": 21.18
          },
          {
            "name": "Ιωάννινα",
            "lat": 39.6675,
            "lng": 20.85
          },
          {
            "name": "Δωδώνη",
            "lat": 39.6167,
            "lng": 20.7833
          },
          {
            "name": "Φιλιάτες",
            "lat": 39.601,
            "lng": 20.309
          },
          {
            "name": "Ηγουμενίτσα",
            "lat": 39.5036,
            "lng": 20.2669
          },
          {
            "name": "Άρτα",
            "lat": 39.16,
            "lng": 20.985
          },
          {
            "name": "Νικόπολη",
            "lat": 39.003,
            "lng": 20.716
          },
          {
            "name": "Πρέβεζα",
            "lat": 38.9567,
            "lng": 20.75
          }
        ]
      },
      {
        "name": "Θεσσαλία",
        "municipalities": [
          {
            "name": "Ελασσόνα",
            "lat": 39.89,
            "lng": 22.19
          },
          {
            "name": "Αγιά",
            "lat": 39.7333,
            "lng": 22.757
          },
          {
            "name": "Καλαμπάκα",
            "lat": 39.704,
            "lng": 21.627
          },
          {
            "name": "Λάρισα",
            "lat": 39.64,
            "lng": 22.42
          },
          {
            "name": "Τρίκαλα",
            "lat": 39.555,
            "lng": 21.767
          },
          {
            "name": "Καρδίτσα",
            "lat": 39.3667,
            "lng": 21.9167
          },
          {
            "name": "Βόλος",
            "lat": 39.36,
            "lng": 22.95
          },
          {
            "name": "Φάρσαλα",
            "lat": 39.3,
            "lng": 22.3833
          },
          {
            "name": "Αλμυρός",
            "lat": 39.1833,
            "lng": 22.75
          },
          {
            "name": "Σκιάθος",
            "lat": 39.162,
            "lng": 23.491
          },
          {
            "name": "Αλόννησος",
            "lat": 39.15,
            "lng": 23.8667
          },
          {
            "name": "Σκόπελος",
            "lat": 39.121,
            "lng": 23.725
          }
        ]
      },
      {
        "name": "Ιόνιο",
        "municipalities": [
          {
            "name": "Κέρκυρα",
            "lat": 39.6243,
            "lng": 19.9217
          },
          {
            "name": "Παξοί",
            "lat": 39.1969,
            "lng": 20.1863
          },
          {
            "name": "Λευκάδα",
            "lat": 38.83,
            "lng": 20.71
          },
          {
            "name": "Ιθάκη",
            "lat": 38.3667,
            "lng": 20.7167
          },
          {
            "name": "Κεφαλονιά",
            "lat": 38.175,
            "lng": 20.569
          },
          {
            "name": "Ζάκυνθος",
            "lat": 37.787,
            "lng": 20.899
          }
        ]
      },
      {
        "name": "Κεντρική Μακεδονία",
        "municipalities": [
          {
            "name": "Κιλκίς",
            "lat": 40.99,
            "lng": 22.875
          },
          {
            "name": "Καβάλα",
            "lat": 40.937,
            "lng": 24.406
          },
          {
            "name": "Αριδαία",
            "lat": 40.9333,
            "lng": 22.05
          },
          {
            "name": "Νάουσα",
            "lat": 40.624,
            "lng": 22.144
          },
          {
            "name": "Πολύγυρος",
            "lat": 40.3167,
            "lng": 23.5167
          }
        ]
      },
      {
        "name": "Κορινθία",
        "municipalities": [
          {
            "name": "Ξυλόκαστρο - Ευρωστίνη",
            "lat": 38.0833,
            "lng": 22.6333
          },
          {
            "name": "Λουτράκι - Περαχώρα - Αγ. Θεόδωροι",
            "lat": 37.9747,
            "lng": 22.975
          },
          {
            "name": "Κιάτο",
            "lat": 37.974,
            "lng": 22.751
          },
          {
            "name": "Σικυωνίων",
            "lat": 37.95,
            "lng": 22.75
          },
          {
            "name": "Κόρινθος",
            "lat": 37.9401,
            "lng": 22.9513
          },
          {
            "name": "Νεμέα",
            "lat": 37.817,
            "lng": 22.667
          }
        ]
      },
      {
        "name": "Κυκλάδες",
        "municipalities": [
          {
            "name": "Άνδρος",
            "lat": 37.8333,
            "lng": 24.9333
          },
          {
            "name": "Κέα",
            "lat": 37.6333,
            "lng": 24.3333
          },
          {
            "name": "Τήνος",
            "lat": 37.5374,
            "lng": 25.1634
          },
          {
            "name": "Μύκονος",
            "lat": 37.4467,
            "lng": 25.3289
          },
          {
            "name": "Σύρος",
            "lat": 37.4442,
            "lng": 24.9428
          },
          {
            "name": "Κύθνος",
            "lat": 37.3833,
            "lng": 24.4167
          },
          {
            "name": "Σέριφος",
            "lat": 37.1537,
            "lng": 24.5197
          },
          {
            "name": "Νάξος",
            "lat": 37.1042,
            "lng": 25.3772
          },
          {
            "name": "Δονούσα",
            "lat": 37.1,
            "lng": 25.8
          },
          {
            "name": "Πάρος",
            "lat": 37.085,
            "lng": 25.15
          },
          {
            "name": "Σίφνος",
            "lat": 36.9717,
            "lng": 24.7036
          },
          {
            "name": "Κουφονήσι",
            "lat": 36.9333,
            "lng": 25.6
          },
          {
            "name": "Σχοινούσα",
            "lat": 36.8667,
            "lng": 25.5167
          },
          {
            "name": "Αμοργός",
            "lat": 36.8333,
            "lng": 25.9
          },
          {
            "name": "Ηρακλειά",
            "lat": 36.8333,
            "lng": 25.45
          },
          {
            "name": "Κίμωλος",
            "lat": 36.7783,
            "lng": 24.575
          },
          {
            "name": "Μήλος",
            "lat": 36.7446,
            "lng": 24.426
          },
          {
            "name": "Ίος",
            "lat": 36.7333,
            "lng": 25.2833
          },
          {
            "name": "Σίκινος",
            "lat": 36.6833,
            "lng": 25.1333
          },
          {
            "name": "Φολέγανδρος",
            "lat": 36.6167,
            "lng": 24.9167
          },
          {
            "name": "Σαντορίνη",
            "lat": 36.3932,
            "lng": 25.4615
          },
          {
            "name": "Ανάφη",
            "lat": 36.35,
            "lng": 25.7667
          }
        ]
      },
      {
        "name": "Κως",
        "municipalities": [
          {
            "name": "Πευκάκια",
            "lat": 36.858,
            "lng": 27.265
          },
          {
            "name": "Ζιά",
            "lat": 36.8285,
            "lng": 27.2144
          }
        ]
      },
      {
        "name": "Λακωνία",
        "municipalities": [
          {
            "name": "Σπάρτη",
            "lat": 37.0745,
            "lng": 22.4301
          },
          {
            "name": "Γύθειο",
            "lat": 36.7572,
            "lng": 22.5644
          },
          {
            "name": "Μονεμβασιά",
            "lat": 36.6884,
            "lng": 23.05
          },
          {
            "name": "Σκουτάρι",
            "lat": 36.716,
            "lng": 22.55
          },
          {
            "name": "Μαυροβούνι",
            "lat": 36.7275,
            "lng": 22.5564
          }
        ]
      },
      {
        "name": "Μάνη",
        "municipalities": [
          {
            "name": "Αρεόπολη",
            "lat": 36.6667,
            "lng": 22.3833
          },
          {
            "name": "Καρδαμύλη",
            "lat": 36.887,
            "lng": 22.231
          },
          {
            "name": "Στούπα",
            "lat": 36.8437,
            "lng": 22.2511
          }
        ]
      },
      {
        "name": "Μεσσηνία",
        "municipalities": [
          {
            "name": "Κυπαρισσία",
            "lat": 37.25,
            "lng": 21.6667
          },
          {
            "name": "Καλαμάτα",
            "lat": 37.0389,
            "lng": 22.1142
          },
          {
            "name": "Πύλος - Νέστορας",
            "lat": 36.9167,
            "lng": 21.7
          }
        ]
      },
      {
        "name": "Μήλος",
        "municipalities": [
          {
            "name": "Πλάκα Μήλος",
            "lat": 36.744,
            "lng": 24.425
          },
          {
            "name": "Αδάμαντας",
            "lat": 36.7236,
            "lng": 24.4446
          },
          {
            "name": "Πολλώνια",
            "lat": 36.7534,
            "lng": 24.5087
          }
        ]
      },
      {
        "name": "Νησιά Αργοσαρωνικού",
        "municipalities": [
          {
            "name": "Αίγινα",
            "lat": 37.746,
            "lng": 23.4273
          },
          {
            "name": "Αγκίστρι",
            "lat": 37.7124,
            "lng": 23.3447
          },
          {
            "name": "Σαλαμίνα",
            "lat": 37.9645,
            "lng": 23.4965
          },
          {
            "name": "Πόρος",
            "lat": 37.4996,
            "lng": 23.4534
          },
          {
            "name": "Ύδρα",
            "lat": 37.35,
            "lng": 23.4667
          },
          {
            "name": "Σπέτσες",
            "lat": 37.2634,
            "lng": 23.1564
          }
        ]
      },
      {
        "name": "Νότιο Αιγαίο",
        "municipalities": [
          {
            "name": "Κάσος",
            "lat": 35.424,
            "lng": 27.813
          }
        ]
      },
      {
        "name": "Ορεινοί Προορισμοί",
        "municipalities": [
          {
            "name": "Καρπενήσι",
            "lat": 38.912,
            "lng": 21.797
          }
        ]
      },
      {
        "name": "Πάρος",
        "municipalities": [
          {
            "name": "Νάουσα Πάρος",
            "lat": 37.12,
            "lng": 25.24
          }
        ]
      },
      {
        "name": "Περιαστική Ζώνη",
        "municipalities": [
          {
            "name": "Λαγκαδάς",
            "lat": 40.75,
            "lng": 23.0667
          },
          {
            "name": "Χαλκηδόνα",
            "lat": 40.736,
            "lng": 22.608
          },
          {
            "name": "Ωραιόκαστρο",
            "lat": 40.7303,
            "lng": 22.9086
          },
          {
            "name": "Δέλτα",
            "lat": 40.659,
            "lng": 22.731
          }
        ]
      },
      {
        "name": "Ρόδος",
        "municipalities": [
          {
            "name": "Λίνδος",
            "lat": 36.0914,
            "lng": 28.085
          },
          {
            "name": "Φαληράκι",
            "lat": 36.339,
            "lng": 28.199
          },
          {
            "name": "Ιαλυσός",
            "lat": 36.4149,
            "lng": 28.1588
          },
          {
            "name": "Κολύμπια",
            "lat": 36.2943,
            "lng": 28.2011
          }
        ]
      },
      {
        "name": "Σαντορίνη",
        "municipalities": [
          {
            "name": "Οία",
            "lat": 36.461,
            "lng": 25.375
          },
          {
            "name": "Φηρά",
            "lat": 36.4167,
            "lng": 25.4326
          },
          {
            "name": "Ημεροβίγλι",
            "lat": 36.4352,
            "lng": 25.4235
          },
          {
            "name": "Περίσσα",
            "lat": 36.3536,
            "lng": 25.4739
          },
          {
            "name": "Καμάρι",
            "lat": 36.3711,
            "lng": 25.4804
          }
        ]
      },
      {
        "name": "Στερεά Ελλάδα",
        "municipalities": [
          {
            "name": "Ιστιαία",
            "lat": 38.95,
            "lng": 23.15
          },
          {
            "name": "Λαμία",
            "lat": 38.9,
            "lng": 22.4333
          },
          {
            "name": "Καμένα Βούρλα",
            "lat": 38.7833,
            "lng": 22.7833
          },
          {
            "name": "Αταλάντη",
            "lat": 38.65,
            "lng": 23.0833
          },
          {
            "name": "Άμφισσα",
            "lat": 38.53,
            "lng": 22.38
          },
          {
            "name": "Δελφοί",
            "lat": 38.48,
            "lng": 22.5
          },
          {
            "name": "Χαλκίδα",
            "lat": 38.4639,
            "lng": 23.6022
          },
          {
            "name": "Λιβαδειά",
            "lat": 38.435,
            "lng": 22.875
          },
          {
            "name": "Ερέτρια",
            "lat": 38.39,
            "lng": 23.8
          },
          {
            "name": "Αλίαρτος",
            "lat": 38.3833,
            "lng": 23.1
          },
          {
            "name": "Θήβα",
            "lat": 38.325,
            "lng": 23.318
          }
        ]
      },
      {
        "name": "Χαλκιδική",
        "municipalities": [
          {
            "name": "Καβουρότρυπες",
            "lat": 40.1914,
            "lng": 23.9761
          },
          {
            "name": "Βουρβουρού",
            "lat": 40.1985,
            "lng": 23.7725
          },
          {
            "name": "Νικήτη",
            "lat": 40.2215,
            "lng": 23.6624
          },
          {
            "name": "Σάρτη",
            "lat": 40.092,
            "lng": 23.9774
          },
          {
            "name": "Πολύχρονο",
            "lat": 40.0153,
            "lng": 23.5327
          },
          {
            "name": "Πευκοχώρι",
            "lat": 39.9854,
            "lng": 23.611
          },
          {
            "name": "Κρυοπηγή",
            "lat": 40.0403,
            "lng": 23.4507
          },
          {
            "name": "Καλλιθέα Χαλκιδική",
            "lat": 40.08,
            "lng": 23.448
          }
        ]
      }
    ]
  },
  {
    "region": "Αττική",
    "areas": [
      {
        "name": "Ανατολικά Προάστια",
        "municipalities": [
          {
            "name": "Ωρωπός",
            "lat": 38.3,
            "lng": 23.7833
          },
          {
            "name": "Μαραθώνας",
            "lat": 38.15,
            "lng": 23.95
          },
          {
            "name": "Νέα Μάκρη",
            "lat": 38.083,
            "lng": 23.983
          },
          {
            "name": "Ανθούσα",
            "lat": 38.04,
            "lng": 23.87
          },
          {
            "name": "Γέρακας",
            "lat": 38.03,
            "lng": 23.85
          },
          {
            "name": "Παλλήνη",
            "lat": 38.002,
            "lng": 23.883
          },
          {
            "name": "Πικέρμι",
            "lat": 38,
            "lng": 23.9
          },
          {
            "name": "Ραφήνα",
            "lat": 38,
            "lng": 24
          },
          {
            "name": "Σπάτα",
            "lat": 37.95,
            "lng": 23.9
          },
          {
            "name": "Αρτέμιδα",
            "lat": 37.95,
            "lng": 24
          },
          {
            "name": "Κορωπί",
            "lat": 37.8833,
            "lng": 23.9
          },
          {
            "name": "Σαρωνικός",
            "lat": 37.8333,
            "lng": 23.9333
          },
          {
            "name": "Λαυρεωτική",
            "lat": 37.7333,
            "lng": 24.0667
          }
        ]
      },
      {
        "name": "Βόρεια Προάστια",
        "municipalities": [
          {
            "name": "Νέα Ερυθραία",
            "lat": 38.1025,
            "lng": 23.817
          },
          {
            "name": "Κηφισιά",
            "lat": 38.0744,
            "lng": 23.8111
          },
          {
            "name": "Λυκόβρυση",
            "lat": 38.065,
            "lng": 23.788
          },
          {
            "name": "Μεταμόρφωση",
            "lat": 38.0612,
            "lng": 23.7544
          },
          {
            "name": "Πεύκη",
            "lat": 38.06,
            "lng": 23.792
          },
          {
            "name": "Μαρούσι",
            "lat": 38.0543,
            "lng": 23.808
          },
          {
            "name": "Μελίσσια",
            "lat": 38.05,
            "lng": 23.8333
          },
          {
            "name": "Νέα Ιωνία",
            "lat": 38.0357,
            "lng": 23.7573
          },
          {
            "name": "Νέα Φιλαδέλφεια",
            "lat": 38.0333,
            "lng": 23.7333
          },
          {
            "name": "Φιλοθέη",
            "lat": 38.024,
            "lng": 23.766
          },
          {
            "name": "Χαλάνδρι",
            "lat": 38.0232,
            "lng": 23.8007
          },
          {
            "name": "Αγία Παρασκευή",
            "lat": 38.0216,
            "lng": 23.827
          },
          {
            "name": "Ψυχικό",
            "lat": 38.021,
            "lng": 23.765
          },
          {
            "name": "Γαλάτσι",
            "lat": 38.0167,
            "lng": 23.75
          },
          {
            "name": "Παπάγου - Χολαργός",
            "lat": 38,
            "lng": 23.8
          },
          {
            "name": "Διόνυσος",
            "lat": 38.106,
            "lng": 23.8583
          },
          {
            "name": "Εκάλη",
            "lat": 38.1177,
            "lng": 23.8368
          },
          {
            "name": "Ροδόπολη",
            "lat": 38.1307,
            "lng": 23.8504
          },
          {
            "name": "Σταμάτα",
            "lat": 38.108,
            "lng": 23.8669
          },
          {
            "name": "Άγιος Στέφανος",
            "lat": 38.1369,
            "lng": 23.8586
          }
        ]
      },
      {
        "name": "Βόρεια/Ανατολικά",
        "municipalities": [
          {
            "name": "Αχαρνές",
            "lat": 38.0833,
            "lng": 23.7333
          }
        ]
      },
      {
        "name": "Δυτικά Προάστια",
        "municipalities": [
          {
            "name": "Καματερό",
            "lat": 38.05,
            "lng": 23.72
          },
          {
            "name": "Άγιοι Ανάργυροι",
            "lat": 38.04,
            "lng": 23.73
          },
          {
            "name": "Ίλιον",
            "lat": 38.038,
            "lng": 23.703
          },
          {
            "name": "Πετρούπολη",
            "lat": 38.0333,
            "lng": 23.6833
          },
          {
            "name": "Περιστέρι",
            "lat": 38.015,
            "lng": 23.7035
          },
          {
            "name": "Χαϊδάρι",
            "lat": 38.0117,
            "lng": 23.6689
          },
          {
            "name": "Αιγάλεω",
            "lat": 38.0089,
            "lng": 23.6825
          },
          {
            "name": "Αγία Βαρβάρα",
            "lat": 38.0065,
            "lng": 23.6715
          },
          {
            "name": "Κορυδαλλός",
            "lat": 37.9844,
            "lng": 23.6476
          },
          {
            "name": "Νίκαια",
            "lat": 37.9667,
            "lng": 23.6472
          }
        ]
      },
      {
        "name": "Δυτική Αττική",
        "municipalities": [
          {
            "name": "Φυλή",
            "lat": 38.0833,
            "lng": 23.6667
          },
          {
            "name": "Μάνδρα - Ειδυλλία",
            "lat": 38.0833,
            "lng": 23.4167
          },
          {
            "name": "Ασπρόπυργος",
            "lat": 38.0667,
            "lng": 23.6
          },
          {
            "name": "Ελευσίνα",
            "lat": 38.0333,
            "lng": 23.5333
          },
          {
            "name": "Μέγαρα",
            "lat": 37.9833,
            "lng": 23.3333
          }
        ]
      },
      {
        "name": "Κέντρο Αθήνας",
        "municipalities": [
          {
            "name": "Κυψέλη",
            "lat": 38.0002,
            "lng": 23.7417
          },
          {
            "name": "Αμπελόκηποι",
            "lat": 38.002,
            "lng": 23.753
          },
          {
            "name": "Εξάρχεια",
            "lat": 37.984,
            "lng": 23.7365
          },
          {
            "name": "Ζωγράφου",
            "lat": 37.9833,
            "lng": 23.7667
          },
          {
            "name": "Γουδί",
            "lat": 37.9833,
            "lng": 23.765
          },
          {
            "name": "Ιλίσια",
            "lat": 37.9789,
            "lng": 23.7572
          },
          {
            "name": "Γκάζι",
            "lat": 37.9785,
            "lng": 23.7144
          },
          {
            "name": "Κολωνάκι",
            "lat": 37.9769,
            "lng": 23.7436
          },
          {
            "name": "Μοναστηράκι",
            "lat": 37.9763,
            "lng": 23.7265
          },
          {
            "name": "Σύνταγμα",
            "lat": 37.9755,
            "lng": 23.7348
          },
          {
            "name": "Καισαριανή",
            "lat": 37.9667,
            "lng": 23.7833
          },
          {
            "name": "Πετράλωνα",
            "lat": 37.9656,
            "lng": 23.7108
          },
          {
            "name": "Παγκράτι",
            "lat": 37.9635,
            "lng": 23.7496
          },
          {
            "name": "Νέος Κόσμος",
            "lat": 37.9563,
            "lng": 23.7289
          },
          {
            "name": "Πλάκα",
            "lat": 37.9726,
            "lng": 23.7297
          },
          {
            "name": "Ψυρρή",
            "lat": 37.9761,
            "lng": 23.7246
          },
          {
            "name": "Κουκάκι",
            "lat": 37.9647,
            "lng": 23.7264
          },
          {
            "name": "Θησείο",
            "lat": 37.9747,
            "lng": 23.7206
          },
          {
            "name": "Μεταξουργείο",
            "lat": 37.9843,
            "lng": 23.7219
          },
          {
            "name": "Ακρόπολη",
            "lat": 37.9715,
            "lng": 23.7257
          },
          {
            "name": "Βοτανικός",
            "lat": 37.9813,
            "lng": 23.6984
          },
          {
            "name": "Ρουφ",
            "lat": 37.9767,
            "lng": 23.7074
          }
        ]
      },
      {
        "name": "Νότια Αττική",
        "municipalities": [
          {
            "name": "Λαγονήσι",
            "lat": 37.8053,
            "lng": 23.8864
          },
          {
            "name": "Ανάβυσσος",
            "lat": 37.7339,
            "lng": 23.9355
          },
          {
            "name": "Σούνιο",
            "lat": 37.65,
            "lng": 24.0333
          }
        ]
      },
      {
        "name": "Νότια Προάστια",
        "municipalities": [
          {
            "name": "Βύρωνας",
            "lat": 37.9667,
            "lng": 23.7667
          },
          {
            "name": "Υμηττός",
            "lat": 37.9506,
            "lng": 23.7511
          },
          {
            "name": "Καλλιθέα",
            "lat": 37.9503,
            "lng": 23.6985
          },
          {
            "name": "Δάφνη",
            "lat": 37.95,
            "lng": 23.732
          },
          {
            "name": "Νέα Σμύρνη",
            "lat": 37.9456,
            "lng": 23.7142
          },
          {
            "name": "Ηλιούπολη",
            "lat": 37.9303,
            "lng": 23.7506
          },
          {
            "name": "Παλαιό Φάληρο",
            "lat": 37.9286,
            "lng": 23.701
          },
          {
            "name": "Άλιμος",
            "lat": 37.9105,
            "lng": 23.7239
          },
          {
            "name": "Αργυρούπολη",
            "lat": 37.905,
            "lng": 23.738
          },
          {
            "name": "Ελληνικό",
            "lat": 37.892,
            "lng": 23.743
          },
          {
            "name": "Γλυφάδα",
            "lat": 37.8782,
            "lng": 23.743
          },
          {
            "name": "Βούλα",
            "lat": 37.8427,
            "lng": 23.7763
          },
          {
            "name": "Βάρη",
            "lat": 37.8333,
            "lng": 23.7917
          },
          {
            "name": "Βουλιαγμένη",
            "lat": 37.8095,
            "lng": 23.7821
          }
        ]
      },
      {
        "name": "Πειραιάς",
        "municipalities": [
          {
            "name": "Πειραιάς",
            "lat": 37.9421,
            "lng": 23.6465
          },
          {
            "name": "Καστέλλα",
            "lat": 37.9319,
            "lng": 23.6533
          },
          {
            "name": "Πασαλιμάνι",
            "lat": 37.9384,
            "lng": 23.653
          },
          {
            "name": "Μικρολίμανο",
            "lat": 37.9363,
            "lng": 23.6609
          },
          {
            "name": "Φρεαττύδα",
            "lat": 37.9399,
            "lng": 23.676
          }
        ]
      }
    ]
  },
  {
    "region": "Κεντρική Μακεδονία",
    "areas": [
      {
        "name": "Ανατολική Θεσσαλονίκη",
        "municipalities": [
          {
            "name": "Βόλβη",
            "lat": 40.717,
            "lng": 23.45
          },
          {
            "name": "Πεύκα",
            "lat": 40.663,
            "lng": 22.985
          },
          {
            "name": "Πυλαία - Χορτιάτης",
            "lat": 40.5833,
            "lng": 23.05
          },
          {
            "name": "Καλαμαριά",
            "lat": 40.5825,
            "lng": 22.9503
          },
          {
            "name": "Θέρμη",
            "lat": 40.5467,
            "lng": 23.0289
          },
          {
            "name": "Μίκρα",
            "lat": 40.543,
            "lng": 23.03
          }
        ]
      },
      {
        "name": "Δυτική Θεσσαλονίκη",
        "municipalities": [
          {
            "name": "Ελευθέριο - Κορδελιό",
            "lat": 40.6717,
            "lng": 22.8936
          },
          {
            "name": "Κορδελιό - Ευόσμος",
            "lat": 40.6708,
            "lng": 22.8819
          },
          {
            "name": "Πολίχνη",
            "lat": 40.6694,
            "lng": 22.9481
          },
          {
            "name": "Σταυρούπολη",
            "lat": 40.6667,
            "lng": 22.9333
          },
          {
            "name": "Αμπελόκηποι - Μενεμένη",
            "lat": 40.6589,
            "lng": 22.9083
          },
          {
            "name": "Νεάπολη - Συκιές",
            "lat": 40.653,
            "lng": 22.958
          }
        ]
      },
      {
        "name": "Θεσσαλονίκη",
        "municipalities": [
          {
            "name": "Πανόραμα",
            "lat": 40.587,
            "lng": 23.0188
          },
          {
            "name": "Λαδάδικα",
            "lat": 40.6375,
            "lng": 22.9398
          },
          {
            "name": "Βαλαωρίτου",
            "lat": 40.6406,
            "lng": 22.9462
          },
          {
            "name": "Άνω Πόλη",
            "lat": 40.6436,
            "lng": 22.959
          },
          {
            "name": "Καυτανζόγλειο περιοχή",
            "lat": 40.6157,
            "lng": 22.9613
          },
          {
            "name": "Νέα Παραλία",
            "lat": 40.6108,
            "lng": 22.955
          },
          {
            "name": "Καραμπουρνάκι",
            "lat": 40.5857,
            "lng": 22.9535
          },
          {
            "name": "Μαρτίου",
            "lat": 40.6024,
            "lng": 22.9596
          },
          {
            "name": "Τούμπα",
            "lat": 40.61,
            "lng": 22.9725
          },
          {
            "name": "Χαριλάου",
            "lat": 40.6054,
            "lng": 22.9851
          }
        ]
      },
      {
        "name": "Κέντρο Θεσσαλονίκης",
        "municipalities": [
          {
            "name": "Θεσσαλονίκη",
            "lat": 40.6401,
            "lng": 22.9444
          }
        ]
      }
    ]
  },
  {
    "region": "Κρήτη",
    "areas": [
      {
        "name": "Ανατολική Κρήτη",
        "municipalities": [
          {
            "name": "Σητεία",
            "lat": 35.2078,
            "lng": 26.106
          },
          {
            "name": "Άγιος Νικόλαος",
            "lat": 35.191,
            "lng": 25.715
          },
          {
            "name": "Ιεράπετρα",
            "lat": 35.0119,
            "lng": 25.7424
          }
        ]
      },
      {
        "name": "Δυτική Κρήτη",
        "municipalities": [
          {
            "name": "Πλατανιάς",
            "lat": 35.517,
            "lng": 23.883
          },
          {
            "name": "Χανιά",
            "lat": 35.5138,
            "lng": 24.018
          },
          {
            "name": "Κίσσαμος",
            "lat": 35.493,
            "lng": 23.653
          },
          {
            "name": "Αποκορώνου",
            "lat": 35.437,
            "lng": 24.215
          },
          {
            "name": "Κάνδανος - Σελίνου",
            "lat": 35.277,
            "lng": 23.687
          }
        ]
      },
      {
        "name": "Κεντρική Κρήτη",
        "municipalities": [
          {
            "name": "Ρέθυμνο",
            "lat": 35.3647,
            "lng": 24.4821
          },
          {
            "name": "Ηράκλειο",
            "lat": 35.3403,
            "lng": 25.1442
          },
          {
            "name": "Μαλεβίζι",
            "lat": 35.333,
            "lng": 25.033
          },
          {
            "name": "Μυλοπόταμος",
            "lat": 35.333,
            "lng": 24.783
          },
          {
            "name": "Χερσόνησος",
            "lat": 35.3167,
            "lng": 25.3833
          },
          {
            "name": "Ανώγεια",
            "lat": 35.294,
            "lng": 24.884
          },
          {
            "name": "Αρχάνες - Αστερούσια",
            "lat": 35.166,
            "lng": 25.15
          }
        ]
      },
      {
        "name": "Κρήτη",
        "municipalities": [
          {
            "name": "Μάλια",
            "lat": 35.283,
            "lng": 25.462
          },
          {
            "name": "Σταλίδα",
            "lat": 35.2932,
            "lng": 25.4426
          },
          {
            "name": "Αγία Μαρίνα",
            "lat": 35.515,
            "lng": 23.915
          },
          {
            "name": "Πλακιάς",
            "lat": 35.176,
            "lng": 24.3935
          },
          {
            "name": "Μπαλί",
            "lat": 35.4124,
            "lng": 24.786
          },
          {
            "name": "Ελαφονήσι",
            "lat": 35.2722,
            "lng": 23.542
          },
          {
            "name": "Φαλάσαρνα",
            "lat": 35.49,
            "lng": 23.588
          },
          {
            "name": "Μάταλα",
            "lat": 34.9953,
            "lng": 24.7496
          },
          {
            "name": "Άγιος Γεώργιος Λασιθίου",
            "lat": 35.207,
            "lng": 25.511
          }
        ]
      },
      {
        "name": "Νότια Κρήτη",
        "municipalities": [
          {
            "name": "Φαιστός",
            "lat": 35.05,
            "lng": 24.88
          },
          {
            "name": "Γόρτυνα",
            "lat": 35.05,
            "lng": 24.95
          },
          {
            "name": "Βιάννος",
            "lat": 35.05,
            "lng": 25.45
          },
          {
            "name": "Γαύδος",
            "lat": 34.838,
            "lng": 24.083
          }
        ]
      }
    ]
  }
]