[
  {
    "name": "Κυψέλη",
    "lat": 38.0002,
    "lng": 23.7417,
    "region": "Κέντρο Αθήνας",
    "region_en": "Athens Center",
    "name_en": "Kypseli"
  },
  {
    "name": "Αμπελόκηποι",
    "lat": 38.002,
    "lng": 23.753,
    "region": "Κέντρο Αθήνας",
    "region_en": "Athens Center",
    "name_en": "Ambelokipi"
  },
  {
    "name": "Εξάρχεια",
    "lat": 37.984,
    "lng": 23.7365,
    "region": "Κέντρο Αθήνας",
    "region_en": "Athens Center",
    "name_en": "Exarcheia"
  },
  {
    "name": "Ζωγράφου",
    "lat": 37.9833,
    "lng": 23.7667,
    "region": "Κέντρο Αθήνας",
    "name_en": "Zografou",
    "region_en": "Athens Center"
  },
  {
    "name": "Γουδί",
    "lat": 37.9833,
    "lng": 23.765,
    "region": "Κέντρο Αθήνας",
    "region_en": "Athens Center",
    "name_en": "Goudi"
  },
  {
    "name": "Ιλίσια",
    "lat": 37.9789,
    "lng": 23.7572,
    "region": "Κέντρο Αθήνας",
    "region_en": "Athens Center",
    "name_en": "Ilisia"
  },
  {
    "name": "Γκάζι",
    "lat": 37.9785,
    "lng": 23.7144,
    "region": "Κέντρο Αθήνας",
    "name_en": "Gazi",
    "region_en": "Athens Center"
  },
  {
    "name": "Κολωνάκι",
    "lat": 37.9769,
    "lng": 23.7436,
    "region": "Κέντρο Αθήνας",
    "region_en": "Athens Center",
    "name_en": "Kolonaki"
  },
  {
    "name": "Μοναστηράκι",
    "lat": 37.9763,
    "lng": 23.7265,
    "region": "Κέντρο Αθήνας",
    "region_en": "Athens Center",
    "name_en": "Monastiraki"
  },
  {
    "name": "Σύνταγμα",
    "lat": 37.9755,
    "lng": 23.7348,
    "region": "Κέντρο Αθήνας",
    "region_en": "Athens Center",
    "name_en": "Syntagma"
  },
  {
    "name": "Καισαριανή",
    "lat": 37.9667,
    "lng": 23.7833,
    "region": "Κέντρο Αθήνας",
    "name_en": "Kaisariani",
    "region_en": "Athens Center"
  },
  {
    "name": "Πετράλωνα",
    "lat": 37.9656,
    "lng": 23.7108,
    "region": "Κέντρο Αθήνας",
    "name_en": "Petralona",
    "region_en": "Athens Center"
  },
  {
    "name": "Παγκράτι",
    "lat": 37.9635,
    "lng": 23.7496,
    "region": "Κέντρο Αθήνας",
    "region_en": "Athens Center",
    "name_en": "Pagkrati"
  },
  {
    "name": "Νέος Κόσμος",
    "lat": 37.9563,
    "lng": 23.7289,
    "region": "Κέντρο Αθήνας",
    "region_en": "Athens Center",
    "name_en": "Neos Kosmos"
  },
  {
    "name": "Νέα Ερυθραία",
    "lat": 38.1025,
    "lng": 23.817,
    "region": "Βόρεια Προάστια",
    "name_en": "Nea Erythraia",
    "region_en": "Northern Suburbs"
  },
  {
    "name": "Κηφισιά",
    "lat": 38.0744,
    "lng": 23.8111,
    "region": "Βόρεια Προάστια",
    "name_en": "Kifisia",
    "region_en": "Northern Suburbs"
  },
  {
    "name": "Λυκόβρυση",
    "lat": 38.065,
    "lng": 23.788,
    "region": "Βόρεια Προάστια",
    "name_en": "Lykovrysi",
    "region_en": "Northern Suburbs"
  },
  {
    "name": "Μεταμόρφωση",
    "lat": 38.0612,
    "lng": 23.7544,
    "region": "Βόρεια Προάστια",
    "name_en": "Metamorfosi",
    "region_en": "Northern Suburbs"
  },
  {
    "name": "Πεύκη",
    "lat": 38.06,
    "lng": 23.792,
    "region": "Βόρεια Προάστια",
    "name_en": "Pefki",
    "region_en": "Northern Suburbs"
  },
  {
    "name": "Μαρούσι",
    "lat": 38.0543,
    "lng": 23.808,
    "region": "Βόρεια Προάστια",
    "name_en": "Marousi",
    "region_en": "Northern Suburbs"
  },
  {
    "name": "Μελίσσια",
    "name_en": "Melissia",
    "lat": 38.05,
    "lng": 23.8333,
    "region": "Βόρεια Προάστια",
    "region_en": "Northern Suburbs"
  },
  {
    "name": "Νέα Ιωνία",
    "lat": 38.0357,
    "lng": 23.7573,
    "region": "Βόρεια Προάστια",
    "name_en": "Nea Ionia",
    "region_en": "Northern Suburbs"
  },
  {
    "name": "Νέα Φιλαδέλφεια",
    "name_en": "Nea Filadelfeia",
    "lat": 38.0333,
    "lng": 23.7333,
    "region": "Βόρεια Προάστια",
    "region_en": "Northern Suburbs"
  },
  {
    "name": "Φιλοθέη",
    "lat": 38.024,
    "lng": 23.766,
    "region": "Βόρεια Προάστια",
    "name_en": "Filothei",
    "region_en": "Northern Suburbs"
  },
  {
    "name": "Χαλάνδρι",
    "lat": 38.0232,
    "lng": 23.8007,
    "region": "Βόρεια Προάστια",
    "name_en": "Chalandri",
    "region_en": "Northern Suburbs"
  },
  {
    "name": "Αγία Παρασκευή",
    "lat": 38.0216,
    "lng": 23.827,
    "region": "Βόρεια Προάστια",
    "name_en": "Agia Paraskevi",
    "region_en": "Northern Suburbs"
  },
  {
    "name": "Ψυχικό",
    "lat": 38.021,
    "lng": 23.765,
    "region": "Βόρεια Προάστια",
    "name_en": "Psychiko",
    "region_en": "Northern Suburbs"
  },
  {
    "name": "Γαλάτσι",
    "lat": 38.0167,
    "lng": 23.75,
    "region": "Βόρεια Προάστια",
    "name_en": "Galatsi",
    "region_en": "Northern Suburbs"
  },
  {
    "name": "Παπάγου - Χολαργός",
    "lat": 38.0,
    "lng": 23.8,
    "region": "Βόρεια Προάστια",
    "name_en": "Papagou - Cholargos",
    "region_en": "Northern Suburbs"
  },
  {
    "name": "Βύρωνας",
    "lat": 37.9667,
    "lng": 23.7667,
    "region": "Νότια Προάστια",
    "name_en": "Vyronas",
    "region_en": "Southern Suburbs"
  },
  {
    "name": "Υμηττός",
    "lat": 37.9506,
    "lng": 23.7511,
    "region": "Νότια Προάστια",
    "name_en": "Ymittos",
    "region_en": "Southern Suburbs"
  },
  {
    "name": "Καλλιθέα",
    "lat": 37.9503,
    "lng": 23.6985,
    "region": "Νότια Προάστια",
    "name_en": "Kallithea",
    "region_en": "Southern Suburbs"
  },
  {
    "name": "Δάφνη",
    "lat": 37.95,
    "lng": 23.732,
    "region": "Νότια Προάστια",
    "name_en": "Dafni",
    "region_en": "Southern Suburbs"
  },
  {
    "name": "Νέα Σμύρνη",
    "lat": 37.9456,
    "lng": 23.7142,
    "region": "Νότια Προάστια",
    "name_en": "Nea Smyrni",
    "region_en": "Southern Suburbs"
  },
  {
    "name": "Ηλιούπολη",
    "lat": 37.9303,
    "lng": 23.7506,
    "region": "Νότια Προάστια",
    "name_en": "Ilioupoli",
    "region_en": "Southern Suburbs"
  },
  {
    "name": "Παλαιό Φάληρο",
    "name_en": "Palaio Faliro",
    "lat": 37.9286,
    "lng": 23.701,
    "region": "Νότια Προάστια",
    "region_en": "Southern Suburbs"
  },
  {
    "name": "Άλιμος",
    "lat": 37.9105,
    "lng": 23.7239,
    "region": "Νότια Προάστια",
    "name_en": "Alimos",
    "region_en": "Southern Suburbs"
  },
  {
    "name": "Αργυρούπολη",
    "lat": 37.905,
    "lng": 23.738,
    "region": "Νότια Προάστια",
    "name_en": "Argyroupoli",
    "region_en": "Southern Suburbs"
  },
  {
    "name": "Ελληνικό",
    "lat": 37.892,
    "lng": 23.743,
    "region": "Νότια Προάστια",
    "name_en": "Elliniko",
    "region_en": "Southern Suburbs"
  },
  {
    "name": "Γλυφάδα",
    "lat": 37.8782,
    "lng": 23.743,
    "region": "Νότια Προάστια",
    "name_en": "Glyfada",
    "region_en": "Southern Suburbs"
  },
  {
    "name": "Βούλα",
    "lat": 37.8427,
    "lng": 23.7763,
    "region": "Νότια Προάστια",
    "name_en": "Voula",
    "region_en": "Southern Suburbs"
  },
  {
    "name": "Βάρη",
    "lat": 37.8333,
    "lng": 23.7917,
    "region": "Νότια Προάστια",
    "region_en": "Southern Suburbs",
    "name_en": "Vari"
  },
  {
    "name": "Βουλιαγμένη",
    "lat": 37.8095,
    "lng": 23.7821,
    "region": "Νότια Προάστια",
    "name_en": "Vouliagmeni",
    "region_en": "Southern Suburbs"
  },
  {
    "name": "Ωρωπός",
    "lat": 38.3,
    "lng": 23.7833,
    "region": "Ανατολικά Προάστια",
    "name_en": "Oropos",
    "region_en": "Eastern Suburbs"
  },
  {
    "name": "Μαραθώνας",
    "lat": 38.15,
    "lng": 23.95,
    "region": "Ανατολικά Προάστια",
    "name_en": "Marathon",
    "region_en": "Eastern Suburbs"
  },
  {
    "name": "Διόνυσος",
    "lat": 38.1333,
    "lng": 23.8833,
    "region": "Ανατολικά Προάστια",
    "name_en": "Dionysos",
    "region_en": "Eastern Suburbs"
  },
  {
    "name": "Νέα Μάκρη",
    "lat": 38.083,
    "lng": 23.983,
    "region": "Ανατολικά Προάστια",
    "name_en": "Nea Makri",
    "region_en": "Eastern Suburbs"
  },
  {
    "name": "Ανθούσα",
    "lat": 38.04,
    "lng": 23.87,
    "region": "Ανατολικά Προάστια",
    "name_en": "Anthousa",
    "region_en": "Eastern Suburbs"
  },
  {
    "name": "Γέρακας",
    "lat": 38.03,
    "lng": 23.85,
    "region": "Ανατολικά Προάστια",
    "name_en": "Gerakas",
    "region_en": "Eastern Suburbs"
  },
  {
    "name": "Παλλήνη",
    "lat": 38.002,
    "lng": 23.883,
    "region": "Ανατολικά Προάστια",
    "name_en": "Pallini",
    "region_en": "Eastern Suburbs"
  },
  {
    "name": "Πικέρμι",
    "lat": 38.0,
    "lng": 23.9,
    "region": "Ανατολικά Προάστια",
    "name_en": "Pikermi",
    "region_en": "Eastern Suburbs"
  },
  {
    "name": "Ραφήνα",
    "lat": 38.0,
    "lng": 24.0,
    "region": "Ανατολικά Προάστια",
    "name_en": "Rafina",
    "region_en": "Eastern Suburbs"
  },
  {
    "name": "Σπάτα",
    "lat": 37.95,
    "lng": 23.9,
    "region": "Ανατολικά Προάστια",
    "name_en": "Spata",
    "region_en": "Eastern Suburbs"
  },
  {
    "name": "Αρτέμιδα",
    "lat": 37.95,
    "lng": 24.0,
    "region": "Ανατολικά Προάστια",
    "name_en": "Artemida",
    "region_en": "Eastern Suburbs"
  },
  {
    "name": "Κορωπί",
    "lat": 37.8833,
    "lng": 23.9,
    "region": "Ανατολικά Προάστια",
    "name_en": "Koropi",
    "region_en": "Eastern Suburbs"
  },
  {
    "name": "Σαρωνικός",
    "lat": 37.8333,
    "lng": 23.9333,
    "region": "Ανατολικά Προάστια",
    "name_en": "Saronikos",
    "region_en": "Eastern Suburbs"
  },
  {
    "name": "Λαυρεωτική",
    "lat": 37.7333,
    "lng": 24.0667,
    "region": "Ανατολικά Προάστια",
    "name_en": "Lavreotiki",
    "region_en": "Eastern Suburbs"
  },
  {
    "name": "Καματερό",
    "lat": 38.05,
    "lng": 23.72,
    "region": "Δυτικά Προάστια",
    "name_en": "Kamatero",
    "region_en": "Western Suburbs"
  },
  {
    "name": "Άγιοι Ανάργυροι",
    "lat": 38.04,
    "lng": 23.73,
    "region": "Δυτικά Προάστια",
    "name_en": "Agioi Anargyroi",
    "region_en": "Western Suburbs"
  },
  {
    "name": "Ίλιον",
    "lat": 38.038,
    "lng": 23.703,
    "region": "Δυτικά Προάστια",
    "name_en": "Ilion",
    "region_en": "Western Suburbs"
  },
  {
    "name": "Πετρούπολη",
    "name_en": "Petroupoli",
    "lat": 38.0333,
    "lng": 23.6833,
    "region": "Δυτικά Προάστια",
    "region_en": "Western Suburbs"
  },
  {
    "name": "Περιστέρι",
    "lat": 38.015,
    "lng": 23.7035,
    "region": "Δυτικά Προάστια",
    "name_en": "Peristeri",
    "region_en": "Western Suburbs"
  },
  {
    "name": "Χαϊδάρι",
    "lat": 38.0117,
    "lng": 23.6689,
    "region": "Δυτικά Προάστια",
    "name_en": "Chaidari",
    "region_en": "Western Suburbs"
  },
  {
    "name": "Αιγάλεω",
    "lat": 38.0089,
    "lng": 23.6825,
    "region": "Δυτικά Προάστια",
    "name_en": "Aigaleo",
    "region_en": "Western Suburbs"
  },
  {
    "name": "Αγία Βαρβάρα",
    "lat": 38.0065,
    "lng": 23.6715,
    "region": "Δυτικά Προάστια",
    "name_en": "Agia Varvara",
    "region_en": "Western Suburbs"
  },
  {
    "name": "Κορυδαλλός",
    "lat": 37.9844,
    "lng": 23.6476,
    "region": "Δυτικά Προάστια",
    "name_en": "Korydallos",
    "region_en": "Western Suburbs"
  },
  {
    "name": "Νίκαια",
    "lat": 37.9667,
    "lng": 23.6472,
    "region": "Δυτικά Προάστια",
    "name_en": "Nikaia",
    "region_en": "Western Suburbs"
  },
  {
    "name": "Πειραιάς",
    "lat": 37.9421,
    "lng": 23.6465,
    "region": "Πειραιάς",
    "name_en": "Piraeus",
    "region_en": "Piraeus"
  },
  {
    "name": "Φυλή",
    "lat": 38.0833,
    "lng": 23.6667,
    "region": "Δυτική Αττική",
    "name_en": "Fyli",
    "region_en": "West Attica"
  },
  {
    "name": "Μάνδρα - Ειδυλλία",
    "lat": 38.0833,
    "lng": 23.4167,
    "region": "Δυτική Αττική",
    "name_en": "Mandra - Eidyllia",
    "region_en": "West Attica"
  },
  {
    "name": "Ασπρόπυργος",
    "lat": 38.0667,
    "lng": 23.6,
    "region": "Δυτική Αττική",
    "name_en": "Aspropyrgos",
    "region_en": "West Attica"
  },
  {
    "name": "Ελευσίνα",
    "lat": 38.0333,
    "lng": 23.5333,
    "region": "Δυτική Αττική",
    "name_en": "Elefsina",
    "region_en": "West Attica"
  },
  {
    "name": "Μέγαρα",
    "lat": 37.9833,
    "lng": 23.3333,
    "region": "Δυτική Αττική",
    "name_en": "Megara",
    "region_en": "West Attica"
  },
  {
    "name": "Θεσσαλονίκη",
    "name_en": "Thessaloniki",
    "lat": 40.6401,
    "lng": 22.9444,
    "region": "Κέντρο Θεσσαλονίκης",
    "region_en": "Thessaloniki Center"
  },
  {
    "name": "Βόλβη",
    "name_en": "Volvi",
    "lat": 40.717,
    "lng": 23.45,
    "region": "Ανατολική Θεσσαλονίκη",
    "region_en": "East Thessaloniki"
  },
  {
    "name": "Πεύκα",
    "name_en": "Pefka",
    "lat": 40.663,
    "lng": 22.985,
    "region": "Ανατολική Θεσσαλονίκη",
    "region_en": "East Thessaloniki"
  },
  {
    "name": "Πανοράμα",
    "name_en": "Panorama",
    "lat": 40.5873,
    "lng": 23.0319,
    "region": "Δήμος Πυλαίας-Χορτιάτη",
    "region_en": "Municipality of Pylaia-Chortiatis"
  },
  {
    "name": "Πυλαία - Χορτιάτης",
    "name_en": "Pylaia - Chortiatis",
    "lat": 40.5833,
    "lng": 23.05,
    "region": "Ανατολική Θεσσαλονίκη",
    "region_en": "East Thessaloniki"
  },
  {
    "name": "Καλαμαριά",
    "name_en": "Kalamaria",
    "lat": 40.5825,
    "lng": 22.9503,
    "region": "Ανατολική Θεσσαλονίκη",
    "region_en": "East Thessaloniki"
  },
  {
    "name": "Θέρμη",
    "name_en": "Thermi",
    "lat": 40.5467,
    "lng": 23.0289,
    "region": "Ανατολική Θεσσαλονίκη",
    "region_en": "East Thessaloniki"
  },
  {
    "name": "Μίκρα",
    "name_en": "Mikra",
    "lat": 40.543,
    "lng": 23.03,
    "region": "Ανατολική Θεσσαλονίκη",
    "region_en": "East Thessaloniki"
  },
  {
    "name": "Ελευθέριο - Κορδελιό",
    "name_en": "Eleftherio - Kordelio",
    "lat": 40.6717,
    "lng": 22.8936,
    "region": "Δυτική Θεσσαλονίκη",
    "region_en": "West Thessaloniki"
  },
  {
    "name": "Κορδελιό - Ευόσμος",
    "name_en": "Kordelio - Evosmos",
    "lat": 40.6708,
    "lng": 22.8819,
    "region": "Δυτική Θεσσαλονίκη",
    "region_en": "West Thessaloniki"
  },
  {
    "name": "Πολίχνη",
    "name_en": "Polichni",
    "lat": 40.6694,
    "lng": 22.9481,
    "region": "Δυτική Θεσσαλονίκη",
    "region_en": "West Thessaloniki"
  },
  {
    "name": "Σταυρούπολη",
    "name_en": "Stavroupoli",
    "lat": 40.6667,
    "lng": 22.9333,
    "region": "Δυτική Θεσσαλονίκη",
    "region_en": "West Thessaloniki"
  },
  {
    "name": "Αμπελόκηποι - Μενεμένη",
    "name_en": "Ampelokipoi - Menemeni",
    "lat": 40.6589,
    "lng": 22.9083,
    "region": "Δυτική Θεσσαλονίκη",
    "region_en": "West Thessaloniki"
  },
  {
    "name": "Νεάπολη - Συκιές",
    "name_en": "Neapoli - Sykies",
    "lat": 40.653,
    "lng": 22.958,
    "region": "Δυτική Θεσσαλονίκη",
    "region_en": "West Thessaloniki"
  },
  {
    "name": "Λαγκαδάς",
    "name_en": "Lagadás",
    "lat": 40.75,
    "lng": 23.0667,
    "region": "Περιαστική Ζώνη",
    "region_en": "Suburban Zone"
  },
  {
    "name": "Χαλκηδόνα",
    "name_en": "Chalkidona",
    "lat": 40.736,
    "lng": 22.608,
    "region": "Περιαστική Ζώνη",
    "region_en": "Suburban Zone"
  },
  {
    "name": "Ωραιόκαστρο",
    "name_en": "Oraiokastro",
    "lat": 40.7303,
    "lng": 22.9086,
    "region": "Περιαστική Ζώνη",
    "region_en": "Suburban Zone"
  },
  {
    "name": "Δέλτα",
    "name_en": "Delta",
    "lat": 40.659,
    "lng": 22.731,
    "region": "Περιαστική Ζώνη",
    "region_en": "Suburban Zone"
  },
  {
    "name": "Ορεστιάδα",
    "name_en": "Orestiada",
    "lat": 41.5,
    "lng": 26.53,
    "region": "Ανατολική Μακεδονία και Θράκη",
    "region_en": "Eastern Macedonia & Thrace"
  },
  {
    "name": "Δράμα",
    "name_en": "Drama",
    "lat": 41.151,
    "lng": 24.145,
    "region": "Ανατολική Μακεδονία και Θράκη",
    "region_en": "Eastern Macedonia & Thrace"
  },
  {
    "name": "Ξάνθη",
    "name_en": "Xanthi",
    "lat": 41.14,
    "lng": 24.885,
    "region": "Ανατολική Μακεδονία και Θράκη",
    "region_en": "Eastern Macedonia & Thrace"
  },
  {
    "name": "Κομοτηνή",
    "name_en": "Komotini",
    "lat": 41.1236,
    "lng": 25.412,
    "region": "Ανατολική Μακεδονία και Θράκη",
    "region_en": "Eastern Macedonia & Thrace"
  },
  {
    "name": "Κιλκίς",
    "name_en": "Kilkis",
    "lat": 40.99,
    "lng": 22.875,
    "region": "Κεντρική Μακεδονία",
    "region_en": "Central Macedonia"
  },
  {
    "name": "Καβάλα",
    "name_en": "Kavala",
    "lat": 40.937,
    "lng": 24.406,
    "region": "Κεντρική Μακεδονία",
    "region_en": "Central Macedonia"
  },
  {
    "name": "Αριδαία",
    "name_en": "Aridaia",
    "lat": 40.9333,
    "lng": 22.05,
    "region": "Κεντρική Μακεδονία",
    "region_en": "Central Macedonia"
  },
  {
    "name": "Αλεξανδρούπολη",
    "name_en": "Alexandroupoli",
    "lat": 40.85,
    "lng": 25.873,
    "region": "Ανατολική Μακεδονία και Θράκη",
    "region_en": "Eastern Macedonia & Thrace"
  },
  {
    "name": "Φλώρινα",
    "name_en": "Florina",
    "lat": 40.8167,
    "lng": 21.4167,
    "region": "Δυτική Μακεδονία",
    "region_en": "Western Macedonia"
  },
  {
    "name": "Θάσος",
    "name_en": "Thasos",
    "lat": 40.751,
    "lng": 24.708,
    "region": "Ανατολική Μακεδονία και Θράκη",
    "region_en": "Eastern Macedonia & Thrace"
  },
  {
    "name": "Νάουσα",
    "name_en": "Naousa",
    "lat": 40.624,
    "lng": 22.144,
    "region": "Κεντρική Μακεδονία",
    "region_en": "Central Macedonia"
  },
  {
    "name": "Σαμοθράκη",
    "name_en": "Samothraki",
    "lat": 40.556,
    "lng": 25.526,
    "region": "Ανατολική Μακεδονία και Θράκη",
    "region_en": "Eastern Macedonia & Thrace"
  },
  {
    "name": "Καστοριά",
    "name_en": "Kastoria",
    "lat": 40.5181,
    "lng": 21.26,
    "region": "Δυτική Μακεδονία",
    "region_en": "Western Macedonia"
  },
  {
    "name": "Πτολεμαΐδα",
    "name_en": "Ptolemaida",
    "lat": 40.5167,
    "lng": 21.6667,
    "region": "Δυτική Μακεδονία",
    "region_en": "Western Macedonia"
  },
  {
    "name": "Πολύγυρος",
    "name_en": "Polygyros",
    "lat": 40.3167,
    "lng": 23.5167,
    "region": "Κεντρική Μακεδονία",
    "region_en": "Central Macedonia"
  },
  {
    "name": "Κοζάνη",
    "name_en": "Kozani",
    "lat": 40.3,
    "lng": 21.7833,
    "region": "Δυτική Μακεδονία",
    "region_en": "Western Macedonia"
  },
  {
    "name": "Σέρβια",
    "name_en": "Servia",
    "lat": 40.15,
    "lng": 21.8833,
    "region": "Δυτική Μακεδονία",
    "region_en": "Western Macedonia"
  },
  {
    "name": "Γρεβενά",
    "name_en": "Grevena",
    "lat": 39.9833,
    "lng": 21.4333,
    "region": "Δυτική Μακεδονία",
    "region_en": "Western Macedonia"
  },
  {
    "name": "Λήμνος",
    "name_en": "Lemnos",
    "lat": 39.911,
    "lng": 25.236,
    "region": "Βόρειο Αιγαίο",
    "region_en": "North Aegean"
  },
  {
    "name": "Ζαγόρι",
    "name_en": "Zagori",
    "lat": 39.9,
    "lng": 20.8,
    "region": "Ήπειρος",
    "region_en": "Epirus"
  },
  {
    "name": "Ελασσόνα",
    "name_en": "Elassona",
    "lat": 39.89,
    "lng": 22.19,
    "region": "Θεσσαλία",
    "region_en": "Thessaly"
  },
  {
    "name": "Πωγώνι",
    "name_en": "Pogoni",
    "lat": 39.8,
    "lng": 20.5167,
    "region": "Ήπειρος",
    "region_en": "Epirus"
  },
  {
    "name": "Μετσόβο",
    "name_en": "Metsovo",
    "lat": 39.77,
    "lng": 21.18,
    "region": "Ήπειρος",
    "region_en": "Epirus"
  },
  {
    "name": "Αγιά",
    "name_en": "Agia",
    "lat": 39.7333,
    "lng": 22.757,
    "region": "Θεσσαλία",
    "region_en": "Thessaly"
  },
  {
    "name": "Καλαμπάκα",
    "name_en": "Kalampaka",
    "lat": 39.704,
    "lng": 21.627,
    "region": "Θεσσαλία",
    "region_en": "Thessaly"
  },
  {
    "name": "Ιωάννινα",
    "name_en": "Ioannina",
    "lat": 39.6675,
    "lng": 20.85,
    "region": "Ήπειρος",
    "region_en": "Epirus"
  },
  {
    "name": "Λάρισα",
    "name_en": "Larissa",
    "lat": 39.64,
    "lng": 22.42,
    "region": "Θεσσαλία",
    "region_en": "Thessaly"
  },
  {
    "name": "Κέρκυρα",
    "name_en": "Corfu",
    "lat": 39.6243,
    "lng": 19.9217,
    "region": "Ιόνιο",
    "region_en": "Ionian Islands"
  },
  {
    "name": "Δωδώνη",
    "name_en": "Dodoni",
    "lat": 39.6167,
    "lng": 20.7833,
    "region": "Ήπειρος",
    "region_en": "Epirus"
  },
  {
    "name": "Φιλιάτες",
    "name_en": "Filiates",
    "lat": 39.601,
    "lng": 20.309,
    "region": "Ήπειρος",
    "region_en": "Epirus"
  },
  {
    "name": "Τρίκαλα",
    "name_en": "Trikala",
    "lat": 39.555,
    "lng": 21.767,
    "region": "Θεσσαλία",
    "region_en": "Thessaly"
  },
  {
    "name": "Ηγουμενίτσα",
    "name_en": "Igoumenitsa",
    "lat": 39.5036,
    "lng": 20.2669,
    "region": "Ήπειρος",
    "region_en": "Epirus"
  },
  {
    "name": "Καρδίτσα",
    "name_en": "Karditsa",
    "lat": 39.3667,
    "lng": 21.9167,
    "region": "Θεσσαλία",
    "region_en": "Thessaly"
  },
  {
    "name": "Βόλος",
    "name_en": "Volos",
    "lat": 39.36,
    "lng": 22.95,
    "region": "Θεσσαλία",
    "region_en": "Thessaly"
  },
  {
    "name": "Φάρσαλα",
    "name_en": "Farsala",
    "lat": 39.3,
    "lng": 22.3833,
    "region": "Θεσσαλία",
    "region_en": "Thessaly"
  },
  {
    "name": "Παξοί",
    "name_en": "Paxoi",
    "lat": 39.1969,
    "lng": 20.1863,
    "region": "Ιόνιο",
    "region_en": "Ionian Islands"
  },
  {
    "name": "Αλμυρός",
    "name_en": "Almyros",
    "lat": 39.1833,
    "lng": 22.75,
    "region": "Θεσσαλία",
    "region_en": "Thessaly"
  },
  {
    "name": "Λέσβος",
    "name_en": "Lesvos",
    "lat": 39.165,
    "lng": 26.28,
    "region": "Βόρειο Αιγαίο",
    "region_en": "North Aegean"
  },
  {
    "name": "Σκιάθος",
    "name_en": "Skiathos",
    "lat": 39.162,
    "lng": 23.491,
    "region": "Θεσσαλία",
    "region_en": "Thessaly"
  },
  {
    "name": "Άρτα",
    "name_en": "Arta",
    "lat": 39.16,
    "lng": 20.985,
    "region": "Ήπειρος",
    "region_en": "Epirus"
  },
  {
    "name": "Αλόννησος",
    "name_en": "Alonissos",
    "lat": 39.15,
    "lng": 23.8667,
    "region": "Θεσσαλία",
    "region_en": "Thessaly"
  },
  {
    "name": "Σκόπελος",
    "name_en": "Skopelos",
    "lat": 39.121,
    "lng": 23.725,
    "region": "Θεσσαλία",
    "region_en": "Thessaly"
  },
  {
    "name": "Μυτιλήνη",
    "name_en": "Mytilene",
    "lat": 39.1117,
    "lng": 26.5544,
    "region": "Βόρειο Αιγαίο",
    "region_en": "North Aegean"
  },
  {
    "name": "Νικόπολη",
    "name_en": "Nikopolis",
    "lat": 39.003,
    "lng": 20.716,
    "region": "Ήπειρος",
    "region_en": "Epirus"
  },
  {
    "name": "Πρέβεζα",
    "name_en": "Preveza",
    "lat": 38.9567,
    "lng": 20.75,
    "region": "Ήπειρος",
    "region_en": "Epirus"
  },
  {
    "name": "Ιστιαία",
    "name_en": "Istiaia",
    "lat": 38.95,
    "lng": 23.15,
    "region": "Στερεά Ελλάδα",
    "region_en": "Central Greece"
  },
  {
    "name": "Καρπενήσι",
    "name_en": "Karpenisi",
    "lat": 38.9167,
    "lng": 21.7833,
    "region": "Στερεά Ελλάδα",
    "region_en": "Central Greece"
  },
  {
    "name": "Λαμία",
    "name_en": "Lamia",
    "lat": 38.9,
    "lng": 22.4333,
    "region": "Στερεά Ελλάδα",
    "region_en": "Central Greece"
  },
  {
    "name": "Λευκάδα",
    "name_en": "Lefkada",
    "lat": 38.83,
    "lng": 20.71,
    "region": "Ιόνιο",
    "region_en": "Ionian Islands"
  },
  {
    "name": "Καμένα Βούρλα",
    "name_en": "Kamena Vourla",
    "lat": 38.7833,
    "lng": 22.7833,
    "region": "Στερεά Ελλάδα",
    "region_en": "Central Greece"
  },
  {
    "name": "Αταλάντη",
    "name_en": "Atalanti",
    "lat": 38.65,
    "lng": 23.0833,
    "region": "Στερεά Ελλάδα",
    "region_en": "Central Greece"
  },
  {
    "name": "Άμφισσα",
    "name_en": "Amfissa",
    "lat": 38.53,
    "lng": 22.38,
    "region": "Στερεά Ελλάδα",
    "region_en": "Central Greece"
  },
  {
    "name": "Δελφοί",
    "name_en": "Delphi",
    "lat": 38.48,
    "lng": 22.5,
    "region": "Στερεά Ελλάδα",
    "region_en": "Central Greece"
  },
  {
    "name": "Χαλκίδα",
    "name_en": "Chalkida",
    "lat": 38.4639,
    "lng": 23.6022,
    "region": "Στερεά Ελλάδα",
    "region_en": "Central Greece"
  },
  {
    "name": "Λιβαδειά",
    "name_en": "Livadeia",
    "lat": 38.435,
    "lng": 22.875,
    "region": "Στερεά Ελλάδα",
    "region_en": "Central Greece"
  },
  {
    "name": "Ναύπακτος",
    "name_en": "Nafpaktos",
    "lat": 38.395,
    "lng": 21.829,
    "region": "Δυτική Ελλάδα",
    "region_en": "Western Greece"
  },
  {
    "name": "Ερέτρια",
    "name_en": "Eretria",
    "lat": 38.39,
    "lng": 23.8,
    "region": "Στερεά Ελλάδα",
    "region_en": "Central Greece"
  },
  {
    "name": "Αλίαρτος",
    "name_en": "Aliartos",
    "lat": 38.3833,
    "lng": 23.1,
    "region": "Στερεά Ελλάδα",
    "region_en": "Central Greece"
  },
  {
    "name": "Οινούσσες",
    "name_en": "Oinousses",
    "lat": 38.38,
    "lng": 26.35,
    "region": "Βόρειο Αιγαίο",
    "region_en": "North Aegean"
  },
  {
    "name": "Χίος",
    "name_en": "Chios",
    "lat": 38.367,
    "lng": 26.135,
    "region": "Βόρειο Αιγαίο",
    "region_en": "North Aegean"
  },
  {
    "name": "Ιθάκη",
    "name_en": "Ithaki",
    "lat": 38.3667,
    "lng": 20.7167,
    "region": "Ιόνιο",
    "region_en": "Ionian Islands"
  },
  {
    "name": "Μεσολόγγι",
    "name_en": "Mesolongi",
    "lat": 38.365,
    "lng": 21.262,
    "region": "Δυτική Ελλάδα",
    "region_en": "Western Greece"
  },
  {
    "name": "Θήβα",
    "name_en": "Thebes",
    "lat": 38.325,
    "lng": 23.318,
    "region": "Στερεά Ελλάδα",
    "region_en": "Central Greece"
  },
  {
    "name": "Αίγιο",
    "name_en": "Aigio",
    "lat": 38.249,
    "lng": 22.105,
    "region": "Δυτική Ελλάδα",
    "region_en": "Western Greece"
  },
  {
    "name": "Πάτρα",
    "name_en": "Patras",
    "lat": 38.2466,
    "lng": 21.7346,
    "region": "Δυτική Ελλάδα",
    "region_en": "Western Greece"
  },
  {
    "name": "Κεφαλονιά",
    "name_en": "Kefalonia",
    "lat": 38.175,
    "lng": 20.569,
    "region": "Ιόνιο",
    "region_en": "Ionian Islands"
  },
  {
    "name": "Ξυλόκαστρο - Ευρωστίνη",
    "name_en": "Xylokastro - Evrostini",
    "lat": 38.0833,
    "lng": 22.6333,
    "region": "Κορινθία",
    "region_en": "Corinthia"
  },
  {
    "name": "Αχαρνές",
    "lat": 38.0833,
    "lng": 23.7333,
    "region": "Βόρεια/Ανατολικά",
    "name_en": "Acharnes",
    "region_en": "North/East"
  },
  {
    "name": "Λουτράκι - Περαχώρα - Αγ. Θεόδωροι",
    "name_en": "Loutraki - Perachora - Agioi Theodoroi",
    "lat": 37.9747,
    "lng": 22.975,
    "region": "Κορινθία",
    "region_en": "Corinthia"
  },
  {
    "name": "Κιάτο",
    "name_en": "Kiato",
    "lat": 37.974,
    "lng": 22.751,
    "region": "Κορινθία",
    "region_en": "Corinthia"
  },
  {
    "name": "Ανδραβίδα",
    "name_en": "Andravida",
    "lat": 37.95,
    "lng": 21.2333,
    "region": "Δυτική Ελλάδα",
    "region_en": "Western Greece"
  },
  {
    "name": "Σικυωνίων",
    "name_en": "Sikyonion",
    "lat": 37.95,
    "lng": 22.75,
    "region": "Κορινθία",
    "region_en": "Corinthia"
  },
  {
    "name": "Κόρινθος",
    "name_en": "Corinth",
    "lat": 37.9401,
    "lng": 22.9513,
    "region": "Κορινθία",
    "region_en": "Corinthia"
  },
  {
    "name": "Άνδρος",
    "name_en": "Andros",
    "lat": 37.8333,
    "lng": 24.9333,
    "region": "Κυκλάδες",
    "region_en": "Cyclades"
  },
  {
    "name": "Νεμέα",
    "name_en": "Nemea",
    "lat": 37.817,
    "lng": 22.667,
    "region": "Κορινθία",
    "region_en": "Corinthia"
  },
  {
    "name": "Ζάκυνθος",
    "name_en": "Zakynthos",
    "lat": 37.787,
    "lng": 20.899,
    "region": "Ιόνιο",
    "region_en": "Ionian Islands"
  },
  {
    "name": "Σάμος",
    "name_en": "Samos",
    "lat": 37.754,
    "lng": 26.977,
    "region": "Βόρειο Αιγαίο",
    "region_en": "North Aegean"
  },
  {
    "name": "Αμαλιάδα",
    "name_en": "Amaliada",
    "lat": 37.75,
    "lng": 21.3333,
    "region": "Δυτική Ελλάδα",
    "region_en": "Western Greece"
  },
  {
    "name": "Πύργος",
    "name_en": "Pyrgos",
    "lat": 37.675,
    "lng": 21.441,
    "region": "Δυτική Ελλάδα",
    "region_en": "Western Greece"
  },
  {
    "name": "Αρχαία Ολυμπία",
    "name_en": "Ancient Olympia",
    "lat": 37.637,
    "lng": 21.63,
    "region": "Δυτική Ελλάδα",
    "region_en": "Western Greece"
  },
  {
    "name": "Άργος",
    "name_en": "Argos",
    "lat": 37.6333,
    "lng": 22.7333,
    "region": "Αργολίδα",
    "region_en": "Argolis"
  },
  {
    "name": "Κέα",
    "name_en": "Kea",
    "lat": 37.6333,
    "lng": 24.3333,
    "region": "Κυκλάδες",
    "region_en": "Cyclades"
  },
  {
    "name": "Ικαρία",
    "name_en": "Ikaria",
    "lat": 37.6167,
    "lng": 26.1667,
    "region": "Βόρειο Αιγαίο",
    "region_en": "North Aegean"
  },
  {
    "name": "Ναύπλιο",
    "name_en": "Nafplio",
    "lat": 37.567,
    "lng": 22.801,
    "region": "Αργολίδα",
    "region_en": "Argolis"
  },
  {
    "name": "Τήνος",
    "name_en": "Tinos",
    "lat": 37.5374,
    "lng": 25.1634,
    "region": "Κυκλάδες",
    "region_en": "Cyclades"
  },
  {
    "name": "Τρίπολη",
    "name_en": "Tripoli",
    "lat": 37.5099,
    "lng": 22.3794,
    "region": "Αρκαδία",
    "region_en": "Arcadia"
  },
  {
    "name": "Αγαθονήσι",
    "name_en": "Agathonisi",
    "lat": 37.456,
    "lng": 26.963,
    "region": "Δωδεκάνησα",
    "region_en": "Dodecanese"
  },
  {
    "name": "Μύκονος",
    "name_en": "Mykonos",
    "lat": 37.4467,
    "lng": 25.3289,
    "region": "Κυκλάδες",
    "region_en": "Cyclades"
  },
  {
    "name": "Σύρος",
    "name_en": "Syros",
    "lat": 37.4442,
    "lng": 24.9428,
    "region": "Κυκλάδες",
    "region_en": "Cyclades"
  },
  {
    "name": "Μεγαλόπολη",
    "name_en": "Megalopoli",
    "lat": 37.403,
    "lng": 22.142,
    "region": "Αρκαδία",
    "region_en": "Arcadia"
  },
  {
    "name": "Κύθνος",
    "name_en": "Kythnos",
    "lat": 37.3833,
    "lng": 24.4167,
    "region": "Κυκλάδες",
    "region_en": "Cyclades"
  },
  {
    "name": "Αρκοί",
    "name_en": "Arki",
    "lat": 37.372,
    "lng": 26.736,
    "region": "Δωδεκάνησα",
    "region_en": "Dodecanese"
  },
  {
    "name": "Πάτμος",
    "name_en": "Patmos",
    "lat": 37.308,
    "lng": 26.547,
    "region": "Δωδεκάνησα",
    "region_en": "Dodecanese"
  },
  {
    "name": "Λειψοί",
    "name_en": "Lipsi",
    "lat": 37.2833,
    "lng": 26.7667,
    "region": "Δωδεκάνησα",
    "region_en": "Dodecanese"
  },
  {
    "name": "Κυπαρισσία",
    "name_en": "Kyparissia",
    "lat": 37.25,
    "lng": 21.6667,
    "region": "Μεσσηνία",
    "region_en": "Messinia"
  },
  {
    "name": "Λεωνίδιο",
    "name_en": "Leonidio",
    "lat": 37.167,
    "lng": 22.85,
    "region": "Αρκαδία",
    "region_en": "Arcadia"
  },
  {
    "name": "Σέριφος",
    "name_en": "Serifos",
    "lat": 37.1537,
    "lng": 24.5197,
    "region": "Κυκλάδες",
    "region_en": "Cyclades"
  },
  {
    "name": "Λέρος",
    "name_en": "Leros",
    "lat": 37.133,
    "lng": 26.85,
    "region": "Δωδεκάνησα",
    "region_en": "Dodecanese"
  },
  {
    "name": "Νάξος",
    "name_en": "Naxos",
    "lat": 37.1042,
    "lng": 25.3772,
    "region": "Κυκλάδες",
    "region_en": "Cyclades"
  },
  {
    "name": "Δονούσα",
    "name_en": "Donousa",
    "lat": 37.1,
    "lng": 25.8,
    "region": "Κυκλάδες",
    "region_en": "Cyclades"
  },
  {
    "name": "Πάρος",
    "name_en": "Paros",
    "lat": 37.085,
    "lng": 25.15,
    "region": "Κυκλάδες",
    "region_en": "Cyclades"
  },
  {
    "name": "Σπάρτη",
    "name_en": "Sparta",
    "lat": 37.0745,
    "lng": 22.4301,
    "region": "Λακωνία",
    "region_en": "Laconia"
  },
  {
    "name": "Καλαμάτα",
    "name_en": "Kalamata",
    "lat": 37.0389,
    "lng": 22.1142,
    "region": "Μεσσηνία",
    "region_en": "Messinia"
  },
  {
    "name": "Σίφνος",
    "name_en": "Sifnos",
    "lat": 36.9717,
    "lng": 24.7036,
    "region": "Κυκλάδες",
    "region_en": "Cyclades"
  },
  {
    "name": "Κάλυμνος",
    "name_en": "Kalymnos",
    "lat": 36.951,
    "lng": 26.98,
    "region": "Δωδεκάνησα",
    "region_en": "Dodecanese"
  },
  {
    "name": "Κουφονήσι",
    "name_en": "Koufonisia",
    "lat": 36.9333,
    "lng": 25.6,
    "region": "Κυκλάδες",
    "region_en": "Cyclades"
  },
  {
    "name": "Πύλος - Νέστορας",
    "name_en": "Pylos - Nestor",
    "lat": 36.9167,
    "lng": 21.7,
    "region": "Μεσσηνία",
    "region_en": "Messinia"
  },
  {
    "name": "Κως",
    "name_en": "Kos",
    "lat": 36.892,
    "lng": 27.287,
    "region": "Δωδεκάνησα",
    "region_en": "Dodecanese"
  },
  {
    "name": "Σχοινούσα",
    "name_en": "Schinoussa",
    "lat": 36.8667,
    "lng": 25.5167,
    "region": "Κυκλάδες",
    "region_en": "Cyclades"
  },
  {
    "name": "Αμοργός",
    "name_en": "Amorgos",
    "lat": 36.8333,
    "lng": 25.9,
    "region": "Κυκλάδες",
    "region_en": "Cyclades"
  },
  {
    "name": "Ηρακλειά",
    "name_en": "Heraklia",
    "lat": 36.8333,
    "lng": 25.45,
    "region": "Κυκλάδες",
    "region_en": "Cyclades"
  },
  {
    "name": "Κίμωλος",
    "name_en": "Kimolos",
    "lat": 36.7783,
    "lng": 24.575,
    "region": "Κυκλάδες",
    "region_en": "Cyclades"
  },
  {
    "name": "Γύθειο",
    "name_en": "Gytheio",
    "lat": 36.7572,
    "lng": 22.5644,
    "region": "Λακωνία",
    "region_en": "Laconia"
  },
  {
    "name": "Μήλος",
    "name_en": "Milos",
    "lat": 36.7446,
    "lng": 24.426,
    "region": "Κυκλάδες",
    "region_en": "Cyclades"
  },
  {
    "name": "Ίος",
    "name_en": "Ios",
    "lat": 36.7333,
    "lng": 25.2833,
    "region": "Κυκλάδες",
    "region_en": "Cyclades"
  },
  {
    "name": "Μονεμβασιά",
    "name_en": "Monemvasia",
    "lat": 36.6884,
    "lng": 23.05,
    "region": "Λακωνία",
    "region_en": "Laconia"
  },
  {
    "name": "Σίκινος",
    "name_en": "Sikinos",
    "lat": 36.6833,
    "lng": 25.1333,
    "region": "Κυκλάδες",
    "region_en": "Cyclades"
  },
  {
    "name": "Αρεόπολη",
    "name_en": "Areopoli",
    "lat": 36.6667,
    "lng": 22.3833,
    "region": "Μάνη",
    "region_en": "Mani"
  },
  {
    "name": "Φολέγανδρος",
    "name_en": "Folegandros",
    "lat": 36.6167,
    "lng": 24.9167,
    "region": "Κυκλάδες",
    "region_en": "Cyclades"
  },
  {
    "name": "Σύμη",
    "name_en": "Symi",
    "lat": 36.6167,
    "lng": 27.8333,
    "region": "Δωδεκάνησα",
    "region_en": "Dodecanese"
  },
  {
    "name": "Νίσυρος",
    "name_en": "Nisyros",
    "lat": 36.6,
    "lng": 27.1667,
    "region": "Δωδεκάνησα",
    "region_en": "Dodecanese"
  },
  {
    "name": "Αστυπάλαια",
    "name_en": "Astypalaia",
    "lat": 36.55,
    "lng": 26.35,
    "region": "Δωδεκάνησα",
    "region_en": "Dodecanese"
  },
  {
    "name": "Ρόδος",
    "name_en": "Rhodes",
    "lat": 36.434,
    "lng": 28.217,
    "region": "Δωδεκάνησα",
    "region_en": "Dodecanese"
  },
  {
    "name": "Τήλος",
    "name_en": "Tilos",
    "lat": 36.4167,
    "lng": 27.3833,
    "region": "Δωδεκάνησα",
    "region_en": "Dodecanese"
  },
  {
    "name": "Σαντορίνη",
    "name_en": "Santorini",
    "lat": 36.3932,
    "lng": 25.4615,
    "region": "Κυκλάδες",
    "region_en": "Cyclades"
  },
  {
    "name": "Ανάφη",
    "name_en": "Anafi",
    "lat": 36.35,
    "lng": 25.7667,
    "region": "Κυκλάδες",
    "region_en": "Cyclades"
  },
  {
    "name": "Χάλκη",
    "name_en": "Halki",
    "lat": 36.2167,
    "lng": 27.6167,
    "region": "Δωδεκάνησα",
    "region_en": "Dodecanese"
  },
  {
    "name": "Καστελλόριζο",
    "name_en": "Kastellorizo",
    "lat": 36.151,
    "lng": 29.593,
    "region": "Δωδεκάνησα",
    "region_en": "Dodecanese"
  },
  {
    "name": "Πλατανιάς",
    "name_en": "Platanias",
    "lat": 35.517,
    "lng": 23.883,
    "region": "Δυτική Κρήτη",
    "region_en": "West Crete"
  },
  {
    "name": "Χανιά",
    "name_en": "Chania",
    "lat": 35.5138,
    "lng": 24.018,
    "region": "Δυτική Κρήτη",
    "region_en": "West Crete"
  },
  {
    "name": "Κάρπαθος",
    "name_en": "Karpathos",
    "lat": 35.507,
    "lng": 27.213,
    "region": "Δωδεκάνησα",
    "region_en": "Dodecanese"
  },
  {
    "name": "Κίσσαμος",
    "name_en": "Kissamos",
    "lat": 35.493,
    "lng": 23.653,
    "region": "Δυτική Κρήτη",
    "region_en": "West Crete"
  },
  {
    "name": "Αποκορώνου",
    "name_en": "Apokoronas",
    "lat": 35.437,
    "lng": 24.215,
    "region": "Δυτική Κρήτη",
    "region_en": "West Crete"
  },
  {
    "name": "Κάσος",
    "name_en": "Kasos",
    "lat": 35.424,
    "lng": 27.813,
    "region": "Νότιο Αιγαίο",
    "region_en": "South Aegean"
  },
  {
    "name": "Ρέθυμνο",
    "name_en": "Rethymno",
    "lat": 35.3647,
    "lng": 24.4821,
    "region": "Κεντρική Κρήτη",
    "region_en": "Central Crete"
  },
  {
    "name": "Ηράκλειο",
    "name_en": "Heraklion",
    "lat": 35.3403,
    "lng": 25.1442,
    "region": "Κεντρική Κρήτη",
    "region_en": "Central Crete"
  },
  {
    "name": "Μαλεβίζι",
    "name_en": "Malevizi",
    "lat": 35.333,
    "lng": 25.033,
    "region": "Κεντρική Κρήτη",
    "region_en": "Central Crete"
  },
  {
    "name": "Μυλοπόταμος",
    "name_en": "Mylopotamos",
    "lat": 35.333,
    "lng": 24.783,
    "region": "Κεντρική Κρήτη",
    "region_en": "Central Crete"
  },
  {
    "name": "Χερσόνησος",
    "name_en": "Hersonissos",
    "lat": 35.3167,
    "lng": 25.3833,
    "region": "Κεντρική Κρήτη",
    "region_en": "Central Crete"
  },
  {
    "name": "Ανώγεια",
    "name_en": "Anogeia",
    "lat": 35.294,
    "lng": 24.884,
    "region": "Κεντρική Κρήτη",
    "region_en": "Central Crete"
  },
  {
    "name": "Κάνδανος - Σελίνου",
    "name_en": "Kandanos - Selino",
    "lat": 35.277,
    "lng": 23.687,
    "region": "Δυτική Κρήτη",
    "region_en": "West Crete"
  },
  {
    "name": "Σητεία",
    "name_en": "Sitia",
    "lat": 35.2078,
    "lng": 26.106,
    "region": "Ανατολική Κρήτη",
    "region_en": "East Crete"
  },
  {
    "name": "Άγιος Νικόλαος",
    "name_en": "Agios Nikolaos",
    "lat": 35.191,
    "lng": 25.715,
    "region": "Ανατολική Κρήτη",
    "region_en": "East Crete"
  },
  {
    "name": "Αρχάνες - Αστερούσια",
    "name_en": "Archanes - Asterousia",
    "lat": 35.166,
    "lng": 25.15,
    "region": "Κεντρική Κρήτη",
    "region_en": "Central Crete"
  },
  {
    "name": "Φαιστός",
    "name_en": "Phaistos",
    "lat": 35.05,
    "lng": 24.88,
    "region": "Νότια Κρήτη",
    "region_en": "South Crete"
  },
  {
    "name": "Γόρτυνα",
    "name_en": "Gortyna",
    "lat": 35.05,
    "lng": 24.95,
    "region": "Νότια Κρήτη",
    "region_en": "South Crete"
  },
  {
    "name": "Βιάννος",
    "name_en": "Viannos",
    "lat": 35.05,
    "lng": 25.45,
    "region": "Νότια Κρήτη",
    "region_en": "South Crete"
  },
  {
    "name": "Ιεράπετρα",
    "name_en": "Ierapetra",
    "lat": 35.0119,
    "lng": 25.7424,
    "region": "Ανατολική Κρήτη",
    "region_en": "East Crete"
  },
  {
    "name": "Γαύδος",
    "name_en": "Gavdos",
    "lat": 34.838,
    "lng": 24.083,
    "region": "Νότια Κρήτη",
    "region_en": "South Crete"
  }
]
